<?xml version="1.0" encoding="UTF-8"?>
<Configuration status="WARN">
    <Appenders>
        <!-- Console appender -->
        <Console name="Console" target="SYSTEM_OUT">
            <PatternLayout pattern="%d{HH:mm:ss.SSS} [%t] %-5level %logger{36} - %msg%n"/>
        </Console>

        <!-- File appender -->
        <File name="File" fileName="logs/app.log">
            <PatternLayout pattern="%d{HH:mm:ss.SSS} [%t] %-5level %logger{36} - %msg%n"/>
        </File>
    </Appenders>

    <Loggers>
        <!-- Logger pour toute l'application -->
        <Root level="info">
            <AppenderRef ref="Console"/>
            <AppenderRef ref="File"/>
        </Root>

        <!-- Logger spécifique pour DAO -->
        <Logger name="fr.iut.vannes.info.dao" level="debug" additivity="false">
            <AppenderRef ref="Console"/>
            <AppenderRef ref="File"/>
        </Logger>
    </Loggers>
</Configuration>
